{"cameraMode":{"drawMode":0,"name":"Shaded","section":"Shading Mode"},"sceneLighting":false,"audioPlay":false,"sceneViewState":{"showFog":false,"showMaterialUpdate":false,"showSkybox":false,"showFlares":false,"showImageEffects":false,"showParticleSystems":true},"in2DMode":false,"pivot":{"x":4.538776874542236,"y":7.526309967041016,"z":20.69780921936035},"rotation":{"x":0.4370526969432831,"y":-0.016188612207770349,"z":0.007867897860705853,"w":0.8992558121681213},"size":74.35481262207031,"orthographic":false}