{"cameraMode":{"drawMode":0,"name":"Shaded","section":"Shading Mode"},"sceneLighting":false,"audioPlay":false,"sceneViewState":{"showFog":false,"showMaterialUpdate":false,"showSkybox":false,"showFlares":false,"showImageEffects":false,"showParticleSystems":true},"in2DMode":false,"pivot":{"x":2.6882424354553224,"y":6.3046650886535648,"z":-4.120881080627441},"rotation":{"x":0.17791549861431123,"y":-0.07519887387752533,"z":0.013637147843837738,"w":0.9810734987258911},"size":9.556295394897461,"orthographic":false}