{"cameraMode":{"drawMode":0,"name":"Shaded","section":"Shading Mode"},"sceneLighting":false,"audioPlay":false,"sceneViewState":{"showFog":true,"showMaterialUpdate":false,"showSkybox":true,"showFlares":true,"showImageEffects":true,"showParticleSystems":true},"in2DMode":false,"pivot":{"x":0.25532180070877077,"y":-0.1343073844909668,"z":0.3155924379825592},"rotation":{"x":0.2882561683654785,"y":-0.4177892208099365,"z":0.14170421659946443,"w":0.8498709201812744},"size":1.3578839302062989,"orthographic":false}