{"cameraMode":{"drawMode":0,"name":"Shaded","section":"Shading Mode"},"sceneLighting":false,"audioPlay":false,"sceneViewState":{"showFog":true,"showMaterialUpdate":false,"showSkybox":true,"showFlares":true,"showImageEffects":true,"showParticleSystems":true},"in2DMode":false,"pivot":{"x":9.189590454101563,"y":-9.579971313476563,"z":24.11307716369629},"rotation":{"x":-0.47898128628730776,"y":0.004209852311760187,"z":-0.0022972512524574997,"w":-0.8778120279312134},"size":79.94302368164063,"orthographic":false}