{"cameraMode":{"drawMode":0,"name":"Shaded","section":"Shading Mode"},"sceneLighting":false,"audioPlay":false,"sceneViewState":{"showFog":true,"showMaterialUpdate":false,"showSkybox":true,"showFlares":true,"showImageEffects":true,"showParticleSystems":true},"in2DMode":false,"pivot":{"x":-0.125946044921875,"y":0.9197998046875,"z":1.88916015625},"rotation":{"x":-0.0002754812885541469,"y":-0.9997008442878723,"z":-0.013496817089617253,"w":0.020394910126924516},"size":3.987509250640869,"orthographic":true}