{"cameraMode":{"drawMode":0,"name":"Shaded","section":"Shading Mode"},"sceneLighting":false,"audioPlay":false,"sceneViewState":{"showFog":true,"showMaterialUpdate":false,"showSkybox":true,"showFlares":true,"showImageEffects":true,"showParticleSystems":true},"in2DMode":false,"pivot":{"x":-19.125431060791017,"y":-2.9039459228515627,"z":32.471656799316409},"rotation":{"x":0.4544629454612732,"y":-0.020039372146129609,"z":0.010226876474916935,"w":0.8904814720153809},"size":2.214859962463379,"orthographic":false}