{"cameraMode":{"drawMode":0,"name":"Shaded","section":"Shading Mode"},"sceneLighting":false,"audioPlay":false,"sceneViewState":{"showFog":true,"showMaterialUpdate":false,"showSkybox":true,"showFlares":true,"showImageEffects":true,"showParticleSystems":true},"in2DMode":false,"pivot":{"x":2.9296786785125734,"y":3.704796552658081,"z":1.239483118057251},"rotation":{"x":0.2131420075893402,"y":-0.3435570299625397,"z":0.08037262409925461,"w":0.9110868573188782},"size":6.2448015213012699,"orthographic":false}