{"cameraMode":{"drawMode":0,"name":"Shaded","section":"Shading Mode"},"sceneLighting":false,"audioPlay":false,"sceneViewState":{"showFog":true,"showMaterialUpdate":false,"showSkybox":true,"showFlares":true,"showImageEffects":true,"showParticleSystems":true},"in2DMode":false,"pivot":{"x":-0.08785134553909302,"y":0.9393723011016846,"z":-0.38160109519958498},"rotation":{"x":-0.45645004510879519,"y":-0.05251956731081009,"z":0.027008742094039918,"w":-0.8877869248390198},"size":3.8743796348571779,"orthographic":false}